sponsorid,animaltype,location
7e18c2a067e4fd,Cat,Houston
32372ddbe6e3ec,Cat,Austin
3b5b82a5555895,Dog,Austin
da29bb3c402c1c,Dog,Austin
15bf11c3efa431,Cat,Austin
36806649e5722d,Cat,Houston
d7062f851d9101,Cat,Houston
d231eaa79ced6f,Dog,Fort Worth
18596d0453f828,Dog,Austin
b3b7ec96b85208,Dog,Fort Worth
34c078327cb023,Dog,Houston
457b274c411d80,Dog,Dallas
da0121755df78f,Cat,Fort Worth
6882528aed2a85,Dog,Dallas
62509d57146db2,Cat,San Antonio
eeb87b8daa8bfd,Cat,Dallas
c8c655aed009c6,Cat,Houston
835b07d7237ec4,Cat,San Antonio
6fb51d036d6f79,Cat,Austin
7e254a95bb00ac,Dog,Dallas
089605af08a8a4,Cat,Austin
df19506168ad7e,Cat,San Antonio
0918714dc3a6e1,Dog,San Antonio
f4eb90ec7acc25,Dog,San Antonio
64cc3ddbe2f5be,Cat,Houston
214f8f6b359a1e,Dog,Houston
7525712d71930c,Dog,Houston
0ea863dbf1123f,Cat,Austin
7c0c3e04e6a4d4,Cat,San Antonio
ce9bc54c423ab3,Dog,San Antonio
d70e8a48b1165f,Cat,Austin
90ff982d8c9890,Dog,Fort Worth
01b6df09374aad,Cat,Austin
a3ca1878263065,Cat,San Antonio
5c0434772d6af1,Dog,Fort Worth
83066ff8f3b049,Dog,San Antonio
60d76a3514e071,Dog,Fort Worth
b91a9885287008,Dog,Houston
a391adcb8c4379,Dog,San Antonio
e59fe601ac9d1e,Cat,Austin
bc198be65dde75,Cat,San Antonio
8f4d1c3844bb5c,Dog,Fort Worth
e35dd271530738,Cat,Austin
7a72b8291dcc5e,Dog,Austin
b45f5e3926570a,Dog,Houston
4f685a2835db15,Dog,Austin
fc726065526a28,Dog,Fort Worth
a5bc174a2acc31,Cat,San Antonio
5025abc4977311,Dog,Dallas
e3e40530c8efb4,Dog,Fort Worth
b1eeaab6d18555,Cat,Austin
28a3c319470d24,Cat,Fort Worth
04d9fe8f2ba1aa,Dog,Houston
438efb0f97b6a3,Dog,San Antonio
e0aae52bf574d3,Dog,Houston
511f22687746a6,Cat,Fort Worth
f96955d7dcd852,Dog,Austin
4b539bb67bf672,Cat,Austin
e08ac15bee192c,Cat,Dallas
c57407fd046fbd,Cat,San Antonio
fb24cbe4682318,Cat,Fort Worth
c17f37d60f511e,Cat,Houston
605b0c0d4f2799,Cat,Houston
579c858e822e65,Cat,Austin
479343641e87dd,Cat,Houston
d98101f2b1b1bf,Dog,San Antonio
12d0965000404c,Cat,Austin
f4f56e0aa64fd3,Cat,San Antonio
375037db2af0ac,Cat,Houston
70edc08314271f,Dog,Houston
d52ae3de31e3ef,Dog,Houston
13182df85007b8,Cat,San Antonio
27dcb9c5c0f057,Cat,Houston
35baf4a588873a,Cat,Dallas
d370d3917501b3,Dog,Houston
155e38b60ec517,Cat,San Antonio
352a0aceb54599,Dog,Fort Worth
5cb6410785fac2,Dog,San Antonio
7037c3a5fd9fa5,Dog,Houston
b0c7a39ac02e2f,Dog,Houston
c05949ce2a20fd,Dog,Dallas
1a4ea48b1628de,Dog,Houston
268b4971ad7948,Dog,Austin
c6a2604c5d148f,Cat,Dallas
157ba0e18be115,Cat,Austin
dbcdea2853f8d2,Dog,San Antonio
feed1f9d487c71,Cat,San Antonio
c874c8615cf0d2,Dog,San Antonio
db70a8f92ab2d6,Dog,Austin
348407bf36e509,Dog,Dallas
c752448217d6f7,Cat,Houston
8782af7f966ad9,Dog,Fort Worth
c256809b4e2910,Dog,Fort Worth
62903579718f46,Dog,Fort Worth
449aef5cb22c84,Dog,Houston
bd07ffb4f6fd1f,Dog,Dallas
13c3f484ce742e,Cat,Houston
cbeb2c1cb9d515,Dog,Austin
c66ff81a52aa52,Cat,Fort Worth
cf0e04f3213896,Dog,Austin
4c068396c8e674,Dog,Austin
3f06768fad0520,Dog,San Antonio
81dbe8867914a2,Dog,Houston
ff2fd97926bc7c,Dog,San Antonio
998ead7c025be2,Dog,Fort Worth
0bcc2c08d68333,Dog,Houston
1bfe07b982ef07,Dog,Austin
08e4c5ea8b097f,Cat,San Antonio
0f1fbf39b24fb3,Cat,San Antonio
83af88265c735d,Cat,Fort Worth
887dde9cabbece,Dog,Houston
d70a4c866d34b8,Dog,Houston
faa2a8396de3f0,Cat,Dallas
2d0c22a395760e,Cat,San Antonio
541aaf179ba5b0,Dog,Austin
305e6607ed3d8d,Dog,Austin
7634d65285a094,Dog,San Antonio
28b45c7a81f96b,Cat,Houston
0883d47dff6480,Cat,Austin
82afc938a1e576,Dog,Austin
c0f28c1837c102,Dog,Austin
205f7a15d0bb28,Cat,Austin
57645188f52929,Cat,San Antonio
7b53b7cae9de5b,Cat,Fort Worth
ee043c8c8d1c04,Dog,Fort Worth
f99243385ba4fd,Cat,Fort Worth
9e76b7c05b7085,Cat,Dallas
9e1f35264081b1,Dog,Austin
72dcf07994fdad,Dog,San Antonio
234670c2fa5282,Cat,San Antonio
55a28ff6e1c953,Dog,Austin
80dc126500355a,Dog,Austin
a7f5c8eb4ad8ec,Dog,Fort Worth
8b95ce6424f05f,Dog,Dallas
e72297306b8105,Cat,Austin
2bffd3b250c35d,Cat,Austin
cfc9bf92eb8dca,Dog,Austin
bac437cd5f037d,Cat,San Antonio
2aaabc8ff5ea14,Dog,Houston
f2b719fd388285,Cat,Fort Worth
0b275a034a239e,Dog,Dallas
70795be0102934,Dog,San Antonio
138d7dbd9bc2e4,Dog,San Antonio
8a88dc476d870c,Dog,San Antonio
8c67b354a53561,Dog,Austin
b6cbb0cdb74eb3,Dog,Houston
22065a79b423d6,Cat,San Antonio
a347de14dae9d2,Cat,Fort Worth
db3795bf87cff4,Dog,San Antonio
81dc7498bae18b,Dog,Austin
4e2f5afdbfe3d3,Dog,Austin
b99525c127ea4d,Cat,Houston
11947460935de5,Cat,Houston
1d3a6060fb5ab6,Dog,Austin
9b03e2234af9bc,Cat,Austin
5b331cab49d877,Dog,Fort Worth
3bad4b95557d28,Dog,Fort Worth
82eb52975e0814,Dog,Dallas
17016db4742c3e,Cat,San Antonio
5cb563572132eb,Dog,Austin
2d6774be3a63c0,Dog,Austin
b21caf5eb98d92,Dog,San Antonio
d949b4caa0b91c,Cat,Austin
70ac2fddce514d,Cat,Houston
0d9750a3cd65dc,Dog,Austin
7e0d9c828cb75a,Cat,Austin
6e38deccb64ff8,Cat,Austin
57fa849bb69e89,Cat,Fort Worth
ac92d61f90c027,Cat,Fort Worth
28a1663e2a1feb,Cat,Houston
57605eb566e315,Dog,San Antonio
950ade92103851,Cat,San Antonio
ec594b1e498e91,Cat,Fort Worth
9b5bb796bbdefb,Dog,Austin
256cb829d2721a,Dog,Houston
983f4c32be9b23,Cat,Fort Worth
463d179659100f,Dog,San Antonio
d07324511868e3,Dog,Houston
e4c4d82b6d958c,Cat,Fort Worth
ca4920252d1a74,Dog,Fort Worth
880fa24173ae95,Cat,San Antonio
15e6a2ed9758cf,Cat,Fort Worth
8aeaa72cc7f612,Dog,Houston
a5f60e13c97330,Dog,Austin
178d8c2655d455,Dog,Houston
cb8f0d8618b1ba,Dog,Austin
e2667564b961b0,Cat,Austin
7450b26356c431,Cat,Austin
fb33647c9ba326,Cat,Dallas
0d571dc84af97e,Dog,Houston
af07f6b53a1810,Dog,Fort Worth
027ae2031349f7,Cat,Fort Worth
6aadb19cb4ddfd,Cat,Houston
24abd334466fd6,Dog,San Antonio
1c7fe09df64829,Dog,Houston
93288416c953a8,Dog,San Antonio
c1e116bb4a84b8,Dog,San Antonio
4fb17d44a02bba,Dog,Houston
442ff5b74273fb,Dog,San Antonio
55f1116b2f7800,Dog,Fort Worth
5bd88c8ec394a1,Dog,San Antonio
7af27bd622bb93,Cat,Austin
1217541c883b38,Cat,Houston
9d5e576d89273d,Cat,Dallas
9492e351576371,Dog,Fort Worth
573411c7a42f5a,Dog,Fort Worth
babeb94335a8e6,Cat,Houston
76654db5807432,Cat,San Antonio
d458027f3f977b,Dog,Dallas
48ea6f75e7a95b,Cat,San Antonio
075f7c8bb0412a,Dog,San Antonio
abf517d46f4c3e,Cat,Houston
517e21d3c0f1e9,Dog,San Antonio
287ef5605e4928,Dog,Austin
13c5b4caaa0629,Dog,Houston
1cb2f91c3a3b69,Dog,San Antonio
cbbbc37151ef03,Dog,Houston
83c2c0beedf8fb,Dog,Houston
a180ef4efb22f4,Cat,Austin
73667d5df0d4a4,Dog,Dallas
b6e709c5f1fe42,Cat,Austin
0a404486cecf34,Cat,Austin
0b4fcef46087c2,Cat,Dallas
7ae428c13a3f68,Dog,San Antonio
3075e4dbee15dd,Cat,Austin
e2c59ed55a8e93,Dog,Fort Worth
621ad9691da213,Cat,Austin
5472c9ec4fe184,Dog,Fort Worth
d950b2a1183f95,Cat,Fort Worth
83c51e8903b540,Cat,Austin
0f4a4d5a78600f,Cat,Houston
083bcee8e75b46,Dog,Houston
321f0f9124f69d,Cat,San Antonio
2a9ce928d3238c,Cat,Austin
c7fce703e4448a,Cat,Austin
f3e9b9e62a2125,Dog,Dallas
62867ec4ff2941,Dog,Houston
479bb779af59d3,Dog,Dallas
1db02e3a83ba3a,Cat,San Antonio
c38e2ed188c93e,Cat,San Antonio
12a07d566e9cc8,Cat,Austin
305f18f9759f27,Cat,Dallas
294c438fd5f93b,Cat,Houston
9d5438f7157fb8,Cat,Houston
4a4c89d0eb894d,Cat,Dallas
ee339127648198,Dog,Fort Worth
d626045c4305f7,Dog,Dallas
56682acae6ccd4,Dog,Austin
467b36a4439e61,Cat,San Antonio
a102e21586e2e4,Cat,San Antonio
3b38d9683bd1b6,Dog,San Antonio
d7b25c2f126f00,Cat,Houston
681f245a3396cf,Cat,Dallas
50eb23f0f728a3,Dog,Austin
b22a6077796fae,Dog,Austin
c44037cb92da3c,Dog,Fort Worth
781dbf7e4044e7,Dog,Austin
fcf35a1d070120,Cat,Austin
61be9abb98409f,Cat,Houston
13fbb76e6ba73d,Dog,San Antonio
b65f1f84723917,Dog,Fort Worth
75cbb9da993fbb,Dog,Austin
be480bfb04c243,Cat,Austin
1cbbe708c352ba,Dog,Houston
7ce574172664de,Cat,San Antonio
739decd80dc9d4,Dog,San Antonio
940a059fee771f,Dog,Austin
23a6c6d08dab16,Dog,Austin
fbda2ff4b8da30,Dog,San Antonio
f287d13dcb13ba,Dog,Dallas
9e860571e7f7de,Cat,Dallas
628f8c44f68125,Cat,Austin
ab93a484dcc2a1,Dog,Dallas
dafe5d12f3cd81,Dog,Houston
320162e517a023,Dog,San Antonio
5266d26ed798ce,Cat,Austin
afd5715b5016a3,Dog,Houston
33822734f4256b,Dog,Dallas
08602ad35dacb3,Cat,Austin
494a2d397fb0a7,Cat,San Antonio
ff89ca1c22ba49,Cat,San Antonio
62c2f06ee96224,Cat,San Antonio
66561d74a54a5c,Dog,Fort Worth
beb17709c9f552,Dog,Houston
2eaf32513fb127,Dog,Dallas
7f4b8ebba62bba,Dog,Houston
f4741244cd0fa0,Cat,San Antonio
ad3f4d8882623e,Dog,Houston
e7eae8cc0dbde1,Dog,San Antonio
016a1ef675908d,Dog,Dallas
ad251a2bb21345,Dog,Austin
2680239e1fe7fd,Cat,Dallas
1bffa5b573b4ac,Dog,Austin
fce174f580d12e,Dog,Austin
023c4a61ff887e,Dog,Houston
dade6f9dd0b242,Cat,San Antonio
76e78609021981,Cat,San Antonio
0ab1ca1b148cae,Cat,Houston
7ff47790a81814,Cat,San Antonio
5bcbd3ed016b6a,Cat,Austin
be94ffb69e0c2f,Dog,Austin
c5f2aefa2f89a1,Cat,Dallas
d031ad02822ba0,Cat,Fort Worth
fad10d4b3b48b3,Dog,Austin
bbe38da7b182ea,Cat,Fort Worth
716e2f59b058ce,Cat,Houston
e8dae35223b911,Dog,Austin
471103a778557c,Cat,Houston
f1f8ef8873832e,Cat,Fort Worth
2807bc51003d76,Dog,Dallas
c002dfabd1c538,Dog,Dallas
8e56efb69ebc16,Cat,San Antonio
856f62d1693c73,Cat,Houston
1b0bd1e24e067f,Dog,Fort Worth
597ff535bade52,Cat,Fort Worth
164a5e22c19447,Dog,San Antonio
859ef86094cea2,Dog,Houston
c84ab828ba1641,Cat,Dallas
314c211835a532,Cat,Fort Worth
0cc49d5fa86fd9,Dog,San Antonio
6d9a8af94fe510,Dog,San Antonio
e1259b946c13b4,Dog,San Antonio
50ae8eaad05059,Cat,Austin
2203e6ef763450,Cat,Austin
65e52ebdc25802,Dog,Fort Worth
37611aec28a10d,Dog,Dallas
a55ca6b4f4f943,Dog,Dallas
407a7799563ccd,Dog,San Antonio
3648fb2c7ae672,Cat,San Antonio
98b7e4698f52ac,Cat,Fort Worth
72fdd934a2b6e5,Dog,Houston
29238db2d703f1,Cat,Dallas
178f1189a06b68,Cat,Houston
ccdea7aa3a5cb2,Dog,San Antonio
09cddc7f5f6ba6,Dog,Fort Worth
ed22be4af0a29a,Cat,San Antonio
f59dd6a790a4cc,Cat,San Antonio
327969a39d898a,Cat,Houston
774d86a8433dd5,Bird,Houston
6a840ea8705a9b,Dog,Dallas
d1e81d2aeb6e93,Dog,Dallas
f12f6158acee5e,Cat,Austin
0822c25b8f7e97,Dog,Austin
1139d0ccdaa99a,Cat,Houston
998e861da96ee6,Dog,Austin
d1bfb6b9cc0ad3,Dog,Austin
cf2cd8c4df4add,Cat,Austin
4c649a58eee23a,Dog,Austin
6002c8a35f8cd3,Cat,Houston
612d561dcc18c7,Dog,San Antonio
841460a4bc82df,Dog,San Antonio
ff5edfaf6d9ad3,Dog,Houston
a10164bc50fdd2,Dog,Dallas
fff2b67c8f792e,Cat,Austin
16ead6bd6e9369,Dog,Dallas
d736e150ccfa87,Dog,Austin
928da2fbd35610,Dog,Fort Worth
e722898d83add8,Dog,Dallas
6057bbd0f3e525,Dog,Fort Worth
4c663e3a095eed,Dog,Fort Worth
0226acba6062f2,Cat,Houston
51f305fc5cd1cd,Dog,Houston
ab97893fc43372,Cat,Austin
bdeb7bf5a15817,Dog,Austin
fc49ba2af6334a,Dog,Austin
a627e9d6d40e18,Dog,San Antonio
a206a8b40ce2de,Dog,Houston
308f3518ffa303,Dog,Austin
41b186d33c102a,Cat,Austin
71483c635d0692,Dog,Fort Worth
843b7522b8640c,Dog,San Antonio
3ce0148f80c046,Dog,Houston
6ab3c3281b40ca,Dog,Dallas
86bd5b1239b6fc,Dog,Houston
225d849a85945a,Dog,Houston
a3359cc3e7533a,Dog,San Antonio
9a3e191f0cade7,Cat,Houston
89deaf0f50e54c,Cat,Fort Worth
529971b2710e93,Cat,Austin
f06f37e0767d88,Cat,Austin
de77cea1a1a8cc,Dog,Fort Worth
9c69ca9cb53a9f,Dog,San Antonio
d599c6bece93c2,Cat,San Antonio
82d7fde97318e2,Cat,Austin
c6c43ca7c21684,Dog,Austin
fb1e6f89509701,Cat,Dallas
25c7ad0fa5cb6b,Dog,San Antonio
d4caf3126751e5,Cat,Houston
b4b421141f9c9c,Dog,Houston
ef7e81db918f3a,Cat,Dallas
56b005724e6e96,Dog,San Antonio
8ffb8c3229ba31,Dog,Houston
16e3cb364507a2,Cat,Austin
d6da1c07626a6b,Dog,San Antonio
0a5abab5948f36,Dog,Fort Worth
2ea715cf5c5e45,Dog,Austin
3adda287db4c37,Dog,Fort Worth
4410dd33a49890,Dog,Dallas
98d2cf32a2faa5,Dog,Dallas
1af05f936b840f,Dog,Austin
c00da664c8465e,Cat,Austin
55a89e47f654e1,Dog,Dallas
2f5552f52c6242,Dog,Austin
8144b1e38da43d,Cat,Houston
9435eeb83db02e,Dog,Houston
da2de08c2c47b9,Cat,Houston
7b4c253055a73e,Dog,San Antonio
75b86c65f501d9,Cat,Houston
39c39ceff41368,Cat,Houston
a4e8f7b575f7a0,Cat,Houston
a9c2fe9439be9f,Cat,Dallas
207b0fec20898e,Cat,Dallas
481d1a7c2a528b,Cat,San Antonio
3284e0c3cf6e87,Dog,Houston
a348060cb0909a,Dog,Austin
8732c9b72d8e57,Dog,Dallas
b7729fe91e24b1,Dog,Austin
d0c8c71cad18c5,Cat,Austin
b636f709a09800,Dog,Houston
9e87388fdff484,Dog,Dallas
136bec2b8b9049,Dog,Austin
4a4e06b072818a,Cat,Fort Worth
275cf6615c9b6b,Cat,Houston
6951b98e9cb314,Cat,Dallas
c07968c0c5c0d8,Cat,Houston
2e88bfb6a7552a,Cat,Austin
b7de45ee3912c8,Cat,Houston
d3599ab5727ee1,Cat,Dallas
42dcf00b0b36d6,Cat,Austin
870a9302845fa5,Cat,Dallas
ff8f47cc51533c,Dog,Fort Worth
9a836782470629,Dog,Austin
fa467479afc3f2,Dog,San Antonio
c4da8838ef1d36,Dog,Austin
ca2c06f59f7b7e,Cat,Dallas
962ac86ac1b12d,Cat,Austin
6da5832570f624,Dog,Austin
aa29c884fcb3be,Dog,Austin
4901bfd7f6e7f0,Cat,San Antonio
68fe456f197c8e,Dog,Houston
bed0858e716ff3,Cat,Dallas
d99ad384bb4d67,Bird,Fort Worth
38c742982edbab,Cat,Houston
ee4e854a607d44,Dog,Dallas
95d193da580a59,Dog,Dallas
9e888cf14eaed0,Dog,San Antonio
8b6a721b858a2c,Dog,Austin
617be218c12ce3,Cat,Houston
f03a6bf55a2aff,Dog,Austin
3fcba8ffcfe52f,Cat,Houston
09190518d2b20e,Cat,Fort Worth
4877469d4d2610,Dog,Austin
0e3c4eccf9ec67,Cat,San Antonio
eec30967b6f4f8,Dog,Houston
f8d82d0adaae5e,Dog,Austin
4662e15e3f3c78,Dog,San Antonio
7db9c05708ea34,Dog,Houston
3369b976c278c1,Dog,San Antonio
d1e8a3a47cee4a,Dog,Dallas
2851aba5da8b4e,Dog,Dallas
d1ead20d5dbcf8,Dog,Houston
33008a201448b7,Dog,San Antonio
2c7d4dd63c5252,Dog,Austin
fe155e454a037f,Cat,Dallas
8b59fbd1465c8c,Dog,Austin
5ff784d71252b9,Dog,Houston
fa34b904169843,Cat,Austin
f1dfe28b8a35d1,Dog,Austin
624f438c3c7035,Dog,San Antonio
1bbe28000950b2,Cat,Dallas
0846bf7cb34717,Cat,Dallas
228149b3894e23,Dog,Fort Worth
fdd2f78bf10859,Dog,Austin
1ce7b052196943,Dog,Austin
eeb2416306c542,Dog,Fort Worth
8f40c04bbe0c74,Dog,Austin
4e8d5824c0c69c,Dog,Houston
a476ca0434fe4f,Cat,Austin
22ab17655ec024,Dog,San Antonio
254c8eabd3f491,Dog,Austin
4066bb94192cdf,Cat,Dallas
4b6785d2601ce2,Dog,Houston
25a9b49353feef,Dog,Fort Worth
61b82c178632fb,Dog,Houston
37f49de5cea939,Dog,Houston
79cc2cd438cbd0,Cat,San Antonio
a8d42255824229,Dog,Houston
c8b69f5ebb128c,Dog,Dallas
82863704071cb8,Dog,San Antonio
49bab3d1e846ff,Dog,Fort Worth
a17ff5946da68f,Cat,Fort Worth
aeae4348b4eca1,Cat,Austin
336cb069082a6a,Dog,San Antonio
d1c366e78b3088,Cat,San Antonio
e085519e9e95c9,Dog,Houston
f62bbb39a7e827,Cat,Dallas
44d5f4d7aa1420,Cat,San Antonio
97e8cccc1f396f,Dog,Fort Worth
67291506aa8b96,Dog,Fort Worth
9f09da330f9a4b,Cat,San Antonio
fca13a3e10808a,Dog,Austin
2982b782e6a32b,Cat,Fort Worth
4f8a9d1c52289e,Dog,San Antonio
a2e4423fc63c47,Cat,San Antonio
f61b8988ce5e8a,Cat,Austin
d081ae1e62c208,Dog,Austin
c7053823843495,Cat,Houston
d78399c15696b6,Cat,Houston
c479e50fa3f59a,Dog,Austin
ce9f145d3a2f5e,Dog,Fort Worth
a67f27a9b6490b,Dog,Houston
5c843b6b6ba024,Cat,Austin
9dc4dde9828ae4,Dog,Fort Worth
ad939eee77cc73,Cat,Austin
962a10c8e8b798,Dog,Austin
b6920807768f70,Dog,Dallas
82319110cdff0f,Cat,Houston
eff95a9586adaf,Cat,San Antonio
25169403abec3a,Cat,Fort Worth
8edbaca4f4fd8d,Cat,Fort Worth
a7ac1b996dcfeb,Dog,Austin
34cf3cadb5bfb9,Cat,Houston
7e08455809174a,Dog,Austin
b774c018ee5ee8,Bird,San Antonio
286a79ec728911,Cat,Austin
559b08e177ae07,Cat,Austin
955265afcf1191,Dog,Austin
c6192045be9ce9,Cat,Dallas
b6beadd9673e3a,Cat,Houston
d701245268bd06,Dog,Austin
752e8ff43ead60,Cat,Houston
add3963f9158d8,Dog,San Antonio
2e673873fdeeed,Cat,Houston
74f2963fbfe21c,Cat,Austin
c3eb504a4e9d6d,Dog,Austin
c94f11224394c1,Cat,Austin
9c2339148ed507,Dog,Austin
0036bf506c4a0d,Cat,San Antonio
43a4ed527b08d9,Dog,Austin
b3d349998e0e75,Dog,Dallas
f6317fba4a7b17,Dog,Houston
ab64a8797576c3,Dog,Houston
2d4989754e589d,Cat,Austin
7f47ec42f73e9a,Dog,San Antonio
5612677b853e3a,Dog,Austin
dbb0bfa4475d92,Dog,Austin
ff21fa4a94689c,Dog,Houston
c05e8e0979d38c,Cat,San Antonio
d484e3df3f9434,Dog,Fort Worth
8d466d5e3cc7f1,Cat,San Antonio
8cef2a3b4bea60,Cat,San Antonio
1e7ab37a2efbbc,Dog,Fort Worth
840f2c81715228,Cat,Dallas
ad34337cd40d3c,Cat,Austin
0672e4960b7b90,Dog,Dallas
89a0cb02c34458,Cat,Fort Worth
849b38abb387ba,Dog,San Antonio
e5e103cb1661d9,Dog,Fort Worth
0b32c610e18127,Cat,San Antonio
d91cdf72174f1c,Dog,Austin
b357c932f2cfc9,Dog,Houston
7db6293058b605,Cat,Houston
6437a6c08ffd92,Dog,San Antonio
f506471122c937,Dog,Houston
500e2352c5956e,Cat,Houston
7b7ff323124444,Cat,Houston
c8665fb6eda51e,Cat,Houston
e14498508bfc5a,Dog,Houston
fe92a05f638ac8,Cat,Austin
d7e23d1f5cdcc4,Cat,San Antonio
2cea6ea1acfe88,Cat,Austin
f105bc710a3431,Dog,Austin
3adb2a0c5805d6,Dog,San Antonio
c6031d6ff8e18a,Dog,Houston
66e69ec109805f,Cat,Austin
ca710c1deb0b3b,Dog,Houston
affbb1bf5c7033,Dog,Fort Worth
9feadb19345851,Cat,Austin
1885e1c05a4c53,Cat,San Antonio
6c7e8520aa3640,Cat,Dallas
59e412f1cb2697,Dog,San Antonio
05e600549500fb,Dog,Fort Worth
df5870a2c56148,Cat,Dallas
8a4f1c9d4cc0fd,Dog,San Antonio
8bab03d69e84be,Cat,Houston
562be418bf17c8,Cat,Dallas
54be6c30410508,Cat,Fort Worth
0ce645e6a19621,Dog,Houston
378f72dfebf834,Dog,Austin
d473ca85362376,Cat,Dallas
ca32907ebf9a9a,Dog,Fort Worth
5208bd6c6b06ce,Dog,Fort Worth
6c7c6d5f77f560,Dog,Houston
db167a00018db8,Dog,San Antonio
e641f744905d09,Dog,Austin
371c4d86474ac8,Dog,Austin
4f3383da668b85,Cat,Houston
85967bb4d8d7f5,Dog,Austin
4131f52702f4ca,Dog,Houston
b8d654eaaadfe3,Dog,Fort Worth
057887c553ae00,Dog,San Antonio
38ba695cbc7c91,Cat,Austin
b146d4cd252537,Dog,Houston
e0fb6974ba90c5,Dog,Dallas
e9d3c403812eee,Dog,Austin
b5b94d0d2d1138,Dog,San Antonio
4927bb16d1a56d,Dog,Austin
7aaf5cacb7c924,Cat,Dallas
0e383f02b5def0,Dog,San Antonio
675489fb8e8757,Dog,Dallas
b2dbffaf52e77b,Cat,San Antonio
471d8466b165fe,Cat,Austin
46d5ba2e7075bd,Dog,Fort Worth
0897569e99a294,Cat,Austin
9274d2ff37c1c8,Dog,San Antonio
6bab99cdce2c6a,Dog,San Antonio
c25b8461804248,Cat,Austin
d8e4ab47745398,Dog,Austin
1a29da4d7156ac,Cat,Austin
301d456a1e3010,Dog,Houston
beb901b24e656a,Dog,Houston
1d93b67abe0591,Dog,Austin
f90486816ce2d4,Dog,San Antonio
02430dec629ab8,Cat,Austin
2beffff933f37c,Dog,Houston
90ffea83742196,Dog,Dallas
abcd071c0eefe5,Dog,San Antonio
7f00aa4a214b01,Dog,Austin
f58cad77f1ce9a,Dog,Fort Worth
b2ec4b9a172805,Dog,Fort Worth
e37e63ddf6d4a1,Dog,Dallas
051f8116bb5cf1,Dog,Houston
b11c511c89f345,Cat,San Antonio
f1df71ef33b649,Cat,Austin
4d88fb93363df3,Cat,Austin
d838e1027c142a,Dog,Austin
bd35ad2819db57,Dog,Fort Worth
67953594bc94a1,Cat,Austin
2d4e9046797ed6,Dog,Austin
ce5a012fe005f2,Dog,Austin
0251b9d41bfbe0,Dog,Fort Worth
2f06abcd3e122e,Cat,Houston
a6633e65816683,Dog,Austin
81e325fb1337df,Dog,San Antonio
b776fd8a79bf8f,Dog,Austin
7ebbc6ccb19142,Dog,Houston
05461682efeae9,Dog,Austin
300a93279856f7,Dog,Houston
402ae205069f1f,Cat,Dallas
9b83412f10d8cd,Dog,Dallas
4c019841f265cd,Cat,Dallas
379b29d4d4118c,Dog,Austin
b1b5ab707c46bd,Dog,Houston
be74fde13d943a,Dog,Houston
6a949d70650fca,Dog,Fort Worth
5f19a9cf8d1a33,Dog,Austin
7ebd47010c7007,Dog,San Antonio
1d7669d8cd8e1e,Cat,Dallas
df90022964551d,Cat,Austin
f98dce8288dd42,Dog,Houston
2627ec37c49e72,Dog,San Antonio
7cbf2bfde3f708,Dog,San Antonio
3bee4a81d4b1e6,Dog,Austin
074f525f44da0b,Dog,Fort Worth
373060fee1fe6a,Dog,Houston
9d03a7e9c7c725,Cat,Austin
b0277c955785c1,Dog,San Antonio
2b8389905d4cda,Cat,Fort Worth
9428d09cc2d834,Dog,San Antonio
714005507b316d,Dog,San Antonio
85abcc02691d2b,Dog,Houston
17c41008839a8b,Dog,Austin
ccde9f04f22015,Cat,Dallas
bcc8af4c185453,Dog,Austin
3435cfb1946c0d,Dog,San Antonio
76c61b60a22d68,Cat,Fort Worth
55c03da3382b0e,Dog,San Antonio
38cc97f21541ca,Dog,San Antonio
fa84568069fa83,Cat,Houston
4ab94dc7d556bb,Cat,Houston
2041c8ededc5d5,Cat,Dallas
e1109415dc58d7,Dog,Dallas
0ebf4cc3d41a6d,Dog,Houston
4d8d9addb58ee1,Cat,Houston
99e5d62cbc90f5,Cat,Austin
7a8b9b67229ba3,Cat,Austin
d4749e3b6ef413,Cat,Fort Worth
606c7d9898a78b,Dog,Austin
ada5c0c96ee7d1,Dog,Houston
19da7406d73916,Cat,Fort Worth
74cedb3d7d0794,Cat,San Antonio
e8b2eb988f72e5,Cat,San Antonio
e646510f3c6465,Cat,San Antonio
efb9a8005140f9,Dog,Fort Worth
af311ac8411b14,Dog,Austin
7536271d525d72,Dog,Austin
70f941d2e5d38d,Dog,Houston
dfc7b10300bfdb,Cat,Houston
2e1639823167cb,Dog,Houston
983cbe122c991f,Dog,Dallas
b9037f9e7b4800,Cat,San Antonio
34388210deb1ba,Dog,Austin
56f89adafb837a,Dog,San Antonio
b74edd6de09251,Dog,San Antonio
1a495fae0e7e81,Cat,Austin
6ba9483dc0f88c,Dog,Houston
264f0924355194,Cat,Austin
3469c8ef50d1fa,Dog,Houston
cb3c2e21ae89c8,Cat,Dallas
4635413a17d3e0,Cat,Austin
597882b486f7c7,Dog,Dallas
204c1a0fdc7a7d,Cat,Houston
09bd170b0c37e9,Dog,Austin
1744ed980f9576,Dog,San Antonio
141a2b3bf8658a,Dog,Austin
59f9029da479b2,Dog,Houston
29da8aaa124ecb,Dog,San Antonio
bf1202df619ed4,Dog,San Antonio
3bd1ca6c4fc722,Bird,Houston
e5dee5a3df53a6,Dog,Fort Worth
7aae7abc603fc0,Dog,Dallas
9ae3f8e20575c4,Cat,Austin
a4c767fc74f21f,Cat,Austin
959ea566ef0be6,Dog,Austin
00db4139bb78cd,Dog,San Antonio
b1996fd36d5d40,Cat,Dallas
9cc40fae60de01,Dog,Austin
bbb3b6550371ea,Cat,Dallas
0b28d54c2954f5,Dog,Houston
9bd2a84fa25f4b,Dog,Fort Worth
1839233e99788b,Dog,Houston
92b4ec7e8ef32e,Dog,Austin
49345efb6b87f9,Dog,San Antonio
aa64f421ef375c,Dog,Dallas
c1956c3af62201,Dog,Austin
ca7a5f129bf5d1,Dog,Houston
6dd256707a57d8,Cat,San Antonio
752d951e00d8bd,Dog,Austin
0a7a49ae79718b,Cat,Dallas
f254353f232612,Dog,Houston
3cd57488b56158,Cat,San Antonio
d355b32fa10242,Cat,Dallas
697f22adc97676,Dog,San Antonio
2329c0e5309644,Cat,Dallas
613d2b71f0cace,Cat,Austin
0bde5e51d7c1ef,Cat,Fort Worth
be784e42b68d3e,Dog,Houston
8b6d2fd19dccc0,Cat,Houston
e25850a3aae048,Dog,Houston
b41f771453c1c7,Dog,Dallas
bdf2698ed15108,Dog,San Antonio
086a4c65f58654,Dog,Austin
0521789cdafa98,Cat,San Antonio
53affb824fa5ad,Dog,Fort Worth
f62980125a0ad2,Cat,Austin
3ef5fe3f6c4c2b,Cat,Fort Worth
df71bd8e4761e8,Dog,San Antonio
073a3ac8aa4af2,Dog,Austin
ed2e24b719d62d,Dog,Austin
aed6e42fb62ccd,Dog,San Antonio
26d936da49e223,Dog,Austin
5355de25eb384b,Cat,Houston
7b39da9040ae6b,Cat,Austin
c8413b43eb06ef,Dog,Houston
f2d3d822d8cbf4,Dog,San Antonio
b219b21168e5c5,Cat,Dallas
91a8922209a53d,Dog,Dallas
978f95f5e7e883,Dog,Fort Worth
eabef6a5bb1d80,Dog,Dallas
d0e2e53afdb918,Dog,Fort Worth
2b0d09a9687c8b,Cat,Houston
148989ec400336,Dog,Fort Worth
b2fa20f9a2109f,Dog,Dallas
547567a3190c0f,Dog,San Antonio
1d8bf841524b93,Cat,Dallas
12dcb3df8d7e80,Cat,Austin
c51371461e6441,Dog,Fort Worth
b39fee4c398d33,Dog,Dallas
ae6ddb4b331e35,Cat,San Antonio
3ac95b778a6bdc,Dog,Austin
5cc4691badeac1,Dog,San Antonio
9499d19cd4837b,Dog,Austin
341d9f3714f47e,Cat,Fort Worth
2981fccedde875,Dog,Austin
4a5ac01724f996,Dog,Fort Worth
24f3e2d8d0ccf2,Dog,Houston
d2b39756a1881e,Dog,Dallas
b01366d02b7afb,Cat,Austin
3cdc1c237af327,Cat,Austin
372db6f43ac2f1,Cat,Fort Worth
8f59015048a556,Dog,Houston
d3a48c7323db2f,Dog,Dallas
8deeabd0efc972,Cat,Fort Worth
45fe398f0e663f,Dog,San Antonio
57d69e8f67ffe6,Cat,Austin
d7325809793c4a,Dog,Houston
a29fac5dd9820a,Dog,Dallas
e15c6286c77d5e,Dog,Houston
caad96083f92c5,Dog,Dallas
aa3a26758849f3,Dog,Austin
5464abc08d78ff,Dog,San Antonio
c1e46dba9d4a29,Dog,Austin
1b4b739b5be18a,Dog,San Antonio
38b4365dc53f84,Dog,Houston
9a3fc6776641ae,Dog,Austin
5b7cdce3b71722,Cat,Fort Worth
6012d92bbca9f1,Cat,Dallas
e0b67683747b87,Dog,San Antonio
47105fe2df115d,Dog,Houston
aa628bb7875ef1,Dog,Dallas
6514e5867f6749,Dog,Austin
8653989fa20f1a,Cat,Austin
aabf13978548ef,Dog,San Antonio
9c876a41f22284,Dog,Dallas
e381ffce71a9eb,Cat,Houston
e2ab3cbb5b08a5,Cat,Houston
cd1a0f8b372bf3,Dog,San Antonio
7978f20c0551b6,Dog,Austin
5ed34a3aa27097,Cat,Houston
a5ca07d311fee0,Dog,San Antonio
78aadb90e1533e,Dog,Dallas
72cd4f12bcbecd,Dog,Houston
cfaaae7b7f52a9,Cat,San Antonio
a76cbb829b4fa4,Cat,Austin
30a7ea6e47481a,Cat,Fort Worth
222187bae7a46e,Dog,Austin
5b10a0c6c05519,Dog,Houston
53990f0ec18305,Cat,Austin
d1f9c64ea5c1f5,Dog,Houston
332867fbdef9dd,Cat,Austin
3b079d73772ea1,Cat,Houston
c85370e54d8161,Dog,Fort Worth
d5eb9e808893d8,Dog,Dallas
134540055d512a,Cat,Houston
397f808d7bf742,Dog,Austin
d0da3696c3cb5e,Dog,Houston
417f3ffbed47ff,Dog,Austin
4daa385e9858c9,Dog,Houston
711ac5152823bf,Dog,Fort Worth
d365a93767b923,Dog,San Antonio
e1f44c8fe11df6,Cat,Fort Worth
1e815b8dcd3ca2,Cat,Houston
fed18f3a877cca,Dog,Dallas
c482b258bf31ac,Cat,Fort Worth
2aec4672d310d1,Dog,Fort Worth
2d65f506c248c2,Dog,Houston
e9062cc2f0645b,Dog,Houston
6febe396603305,Dog,Houston
710d1352c9503e,Dog,Austin
215899389a726d,Dog,Austin
206d4f35d141e5,Dog,Austin
9407b2edb37658,Cat,Houston
3d5f9a2013a239,Dog,San Antonio
04267c37028f5c,Dog,Austin
814106497873c9,Dog,Houston
62528b8433367b,Cat,Austin
18e41de4118719,Dog,Dallas
2f2814f83ecd10,Dog,Austin
a887b32cdaf23f,Cat,Austin
bc9a65eeea8295,Dog,Austin
61f5149ed182dd,Dog,San Antonio
4c594efb83496c,Cat,Austin
4be1e11e2fc53e,Dog,Fort Worth
2264a6dae180d6,Dog,Houston
bcb201a2855399,Cat,San Antonio
e5ea3e7de3ede7,Cat,Fort Worth
aa305d1d3af8dc,Dog,San Antonio
64cc302b263af8,Dog,Austin
2c1f34c21217d0,Dog,Fort Worth
abb9eece2cef7b,Dog,Houston
364ec7fff6b501,Dog,Houston
a156e70a990b69,Cat,San Antonio
924cf32637c14c,Cat,Fort Worth
3fc7e421344f33,Dog,San Antonio
affd376b17c14a,Dog,San Antonio
f26132825afec8,Dog,Houston
81a58f21167f19,Dog,Austin
6d8f37c4511c1c,Dog,Austin
127a6290b3bc0a,Dog,Houston
1496136deb3141,Dog,Dallas
9b358570a2ef70,Dog,Houston
d386a6c2dd463a,Dog,Houston
47b66c2945f19b,Dog,Dallas
e78e384faef6ca,Dog,Fort Worth
9edcf08a604e4c,Cat,Austin
612efac9388510,Dog,Austin
a9cafb8f6dc633,Cat,Austin
8ecf796085dea5,Cat,Houston
4421200003690b,Cat,Dallas
49ac0f88ea7e8b,Cat,Fort Worth
83dccfe5e9e2c2,Dog,Fort Worth
9c3f1ddd1195ee,Dog,Houston
e1f61d380d3e85,Dog,San Antonio
d2e3de513caf11,Cat,San Antonio
0eadee59a4863f,Cat,Houston
ec1029c5a9bc56,Cat,Fort Worth
ec7f48c733e799,Cat,Austin
48bf3768c5a72f,Dog,Houston
d292cf076a120e,Cat,Houston
60ac05466a0e90,Dog,Houston
61c18ce993327f,Cat,Houston
fb8c945b74cc22,Dog,Dallas
1f1550350b0b59,Dog,San Antonio
48409e83c4bd33,Dog,San Antonio
2184ec7675a16c,Dog,Houston
35075b0ebaf215,Cat,Houston
c4e47ebfb6b491,Cat,San Antonio
50e0000ddf63ed,Dog,San Antonio
859cc47d8dbbff,Dog,Austin
dfde9a326ad63a,Dog,San Antonio
3d8e01fb1fa0ba,Cat,Fort Worth
832d8c59ab63a9,Dog,Austin
3d0fd358cdbaac,Dog,Austin
d384bc555fff92,Dog,Austin
7e9c061ff54b74,Dog,Dallas
55054f63bd696c,Dog,Austin
3704ff2b968beb,Dog,Houston
b9e989c53dda8d,Dog,Dallas
3af17e25af9cd2,Dog,San Antonio
23887997ff00c0,Cat,Austin
3c8844639b0680,Dog,Austin
681744faedc4df,Cat,Houston
746d6762c4a21d,Cat,San Antonio
4e48bbc9e57cea,Cat,San Antonio
9beec1d671fc84,Cat,Austin
78abe8cf489ec1,Cat,Dallas
a1464415e96c09,Dog,Houston
428536d3d0cb9d,Cat,Dallas
1d5e79342fbda5,Dog,Austin
b5c572400063f3,Dog,San Antonio
629dc0ee782e93,Dog,Austin
5d4e0008fbe75e,Dog,San Antonio
ea1bb6ed5ecc05,Dog,Houston
a3e9242f4a6628,Dog,Austin
ac23fe21f7266b,Cat,Fort Worth
4fc82b14650c8a,Dog,Houston
20bff946dbabcc,Dog,Fort Worth
c305c56f23e97f,Dog,Fort Worth
2c1fb1767dd647,Dog,Austin
1402c4d740a198,Cat,Fort Worth
2b1e04cdde0c6c,Dog,Houston
02f8c6c6cf1fb7,Dog,San Antonio
936646e4f719f7,Dog,Houston
d2acd7329b9f23,Cat,San Antonio
29cea86409629c,Dog,Austin
163b9de3d63b42,Dog,Houston
e057c3aeb84458,Dog,Houston
e5af633b0e2e29,Dog,Austin
4d505f9caf6e7b,Dog,San Antonio
ec713c20969294,Cat,Houston
765e4d08c12c61,Dog,Austin
44d855452ac444,Dog,Dallas
36fa41571fec54,Cat,San Antonio
afa0c0bba27aa4,Dog,San Antonio
26f7d556655922,Cat,Austin
825cc30e8afa71,Cat,Austin
8f49649d306fe6,Cat,Houston
af58f2f43e69b1,Cat,Austin
e608dffa72b5b5,Dog,Austin
be19cff7ff9dfc,Dog,Austin
88c63645701890,Cat,Houston
ce98fc726ae0bf,Dog,Austin
2fd0ae79e32afb,Cat,Fort Worth
82cad2353d1676,Cat,Dallas
41d29fc4c70a81,Dog,Houston
70156bc35e9deb,Cat,Fort Worth
5ef0440bd8d662,Dog,San Antonio
18f1124cc9d3b7,Dog,Austin
c982d778bbd2c0,Cat,Austin
5c90ddc22dcc0b,Dog,Houston
377c1f39a0a752,Dog,Dallas
4f1f28176172bb,Cat,Fort Worth
8f4b5e902047e9,Cat,Houston
5f04421403aedb,Cat,Dallas
7893668a9987a8,Dog,Houston
5d9281a4542658,Cat,Fort Worth
b14069999a0ee6,Dog,San Antonio
e5245af1a86ace,Dog,Austin
4cccec228bd957,Cat,Austin
33f9b882bfe082,Dog,Fort Worth
e117d1e524bfa2,Cat,Austin
51dbe54e535ec7,Dog,Fort Worth
52a0cff941ce1f,Dog,Austin
0320288b6a503b,Dog,Dallas
877bc165970727,Cat,Fort Worth
44c3f4bd5e86cc,Dog,Austin
e9ad3b0f4ef77c,Dog,Dallas
c1b1356feae4f4,Cat,Houston
c114153317ae53,Dog,Houston
a9ef0b744b144d,Cat,San Antonio
94dddba6646dc4,Cat,Dallas
b2f37d21fd56a1,Cat,Dallas
37af9355cd5773,Dog,Houston
9468f03664c585,Dog,San Antonio
cba73f2d1060e8,Dog,Houston
1d40414fec35c6,Dog,Dallas
5ad188c9254736,Dog,San Antonio
4ac33dcf949748,Dog,Fort Worth
0853fd0465e5b5,Dog,Dallas
5fb005154af1b7,Cat,Austin
47165acb6ff99b,Dog,San Antonio
bb66e1eb6c2e8b,Dog,Dallas
d4af3cc1f701d1,Dog,San Antonio
e14cca0ce552fa,Cat,Houston
83762d7b808c07,Dog,Houston
cc8d12a53db863,Dog,San Antonio
60041dcf058b08,Dog,Houston
75b6b119fd3953,Dog,San Antonio
294795e42a2550,Cat,Houston
9b72af20a42c93,Dog,Houston
417f6de2b70f4f,Dog,San Antonio
6c7a62350bd113,Dog,Dallas
0d3c0bc28b9039,Dog,San Antonio
fbfad80ebf384a,Dog,San Antonio
098997669e37ee,Cat,Houston
b5c5af6dba4ecd,Dog,Austin
6afd1aadf8cc94,Dog,Austin
559e6fd016ad5d,Cat,Houston
e9d725e5673b3e,Dog,Austin
77fb2f2495aa2e,Cat,Austin
bb48c5bb1f090c,Cat,Fort Worth
89dc2481ee88a6,Cat,San Antonio
823d3f23408ed8,Dog,Austin
7805819fc9242d,Cat,Austin
be01d22b8fbb95,Dog,Fort Worth
d4572ef7aa8406,Cat,Fort Worth
508c393a8cee57,Dog,Dallas
a622f223c73cf5,Cat,San Antonio
28bb2949094b59,Dog,San Antonio
7dc83d5d79dac1,Dog,Austin
6f78a140a95bbd,Dog,San Antonio
d0bdf31709da60,Cat,Fort Worth
fba087a1451fa1,Dog,Dallas
f1d367a096e5cc,Dog,Dallas
dd9bd58b707185,Cat,San Antonio
d781e8a8102eeb,Cat,San Antonio
76660c83c93ef1,Dog,Fort Worth
608847f78c475c,Dog,Austin
1479b1ca4c61c9,Dog,Dallas
63b071a252b51d,Cat,Austin
faf963d76117cf,Dog,Houston
db459351dc51cf,Dog,Austin
d2605c90e9ec3e,Cat,Fort Worth
46a94686e27a61,Cat,San Antonio
4d89f8f4a29dea,Dog,San Antonio
1356f9d97621bd,Dog,Austin
90591745c0a07d,Cat,Dallas
61ed5d1cafe039,Dog,Fort Worth
5a59ad7ddc60d4,Cat,San Antonio
efa95dd0b28a91,Dog,Fort Worth
97bea4f46d225d,Dog,Dallas
0b67f3d4c9a7b6,Dog,Fort Worth
945c33232a8dc6,Dog,Houston
8ffd28e0f6a1e0,Cat,Dallas
c5b14ac11a86ef,Cat,Austin
9908dd9123dc54,Dog,Dallas
4175145b2341e9,Dog,Fort Worth
f5d8a07eb2e36a,Dog,San Antonio
2188ebc314d023,Dog,Austin
4b5868c89a0534,Cat,San Antonio
db5313b4df7ced,Dog,Houston
acb8e2e0c236fd,Dog,San Antonio
c04710464a3ad0,Cat,Houston
ac5f4e5faa32e0,Dog,Austin
9ba0383f6e7d46,Dog,Houston
97582030361602,Cat,Austin
4fca6ef6dbda96,Dog,Houston
ea87ac8cbfad26,Dog,Dallas
89123aba85c2a8,Dog,San Antonio
74228ffdfe76aa,Cat,Houston
f1ee9c7639ce53,Dog,Houston
88c0ad9ff93bdc,Dog,Fort Worth
99236c07a9807c,Dog,Houston
56dfcd63dd4074,Dog,Austin
328591d47bff4c,Cat,Dallas
699b674f68a979,Cat,Dallas
8927e76c1a0a7b,Dog,Dallas
6a0ec8ad3b66fe,Cat,Austin
6ab11871a6007e,Dog,San Antonio
a99c124ccb71f6,Dog,Fort Worth
1926bdfc631ae1,Cat,Houston
fa619bffb3b208,Dog,Fort Worth
897820bb5fd2d6,Dog,Austin
c482fbcfdbecb7,Dog,Fort Worth
624cdc788dbf72,Dog,Austin
e7bd37d07696b4,Dog,San Antonio
88790c8655f844,Dog,Houston
43b5902068574c,Dog,Austin
03443eacd1934b,Dog,Austin
bfb5e45d856530,Dog,Austin
355b0d3ac0cf93,Cat,Fort Worth
747ed40c365305,Dog,Fort Worth
a536a967c7b2d0,Cat,Austin
2e13723333a93c,Dog,Fort Worth
6325420314382c,Cat,Fort Worth
a356f98a150691,Cat,Fort Worth
46f69f600ef9ff,Dog,San Antonio
37895a386af3f6,Cat,Dallas
1e7079fcd4621e,Cat,Houston
0f0489c52e334a,Cat,Houston
926321d6e257fa,Cat,Dallas
6e2f39289640b9,Dog,Houston
cc172aaaed38be,Cat,Houston
6a72286e808ba9,Cat,Dallas
d3d3750bc3b2ed,Cat,Houston
d395042e84c0ee,Dog,Houston
adb62baf9e52e6,Dog,San Antonio
9638b1ef981ff0,Dog,Houston
722e4c03496806,Dog,Dallas
912cc295db9c24,Cat,Dallas
82835973b6d569,Cat,Austin
2f52c5ce13e001,Dog,Austin
f6fae7b2ac1749,Cat,Houston
f439edcc4a7b03,Dog,Houston
dd6547e550bf08,Cat,Austin
0aa6fe0ed3e566,Dog,Dallas
7916c3dd91db2b,Cat,Dallas
bf43975e837c85,Cat,Austin
0b42d2c5881ad2,Dog,Dallas
2e33a74685cb0a,Bird,Austin
f0a2de126f48d6,Cat,Dallas
4913b5e9553d23,Cat,Houston
88fda45ff2028e,Cat,Austin
741aca57c42eb6,Dog,Fort Worth
362d11c2b91fe7,Cat,Houston
d2f3abd81846d9,Cat,Houston
8d8cb14f575a51,Dog,Houston
b9d74c1a7a363e,Cat,San Antonio
81577b7b8682de,Dog,Dallas
5c7e862a26c796,Dog,Houston
caa7ec9630fb58,Dog,Austin
48e37b1b75d8b1,Dog,Austin
b3e49b90f5038f,Cat,Fort Worth
ef4f75f4bfa4f3,Dog,Fort Worth
82fa9abc14e29b,Dog,Fort Worth
9325b0ee9e49e4,Cat,Dallas
5519529c1e1950,Cat,Austin
b48b1c108268ed,Dog,Houston
fa90b8f2040b39,Dog,Austin
64bd900215c381,Cat,Dallas
5b0cee68f6a848,Dog,Fort Worth
4bfe83866e2898,Dog,San Antonio
70b35cfad1ebd9,Cat,Fort Worth
9c2deda84ca502,Cat,Fort Worth
0850433f03c183,Dog,Houston
3ef23def56b6de,Dog,Austin
12629263f19de6,Dog,San Antonio
b9b57fbcb2170b,Cat,Fort Worth
93eb757522e61f,Cat,Austin
4cb47d93a48e3a,Dog,Dallas
fa43fabc4c4052,Dog,Austin
949d9fda2e393e,Dog,Houston
8a49105ca0f023,Dog,Austin
f08e1b93057775,Dog,Houston
59f63504bd8efa,Dog,Fort Worth
23b66220cef0c8,Dog,Austin
0a790241a2647a,Cat,Fort Worth
27459830d4ba38,Dog,Houston
b7eb13211aeb51,Dog,Fort Worth
c65fb651565ea0,Dog,Houston
f75755e2fc5c3f,Cat,Austin
e71a57f9338676,Dog,Austin
e63c1de8276091,Dog,Austin
5f9d732f9c6fd9,Dog,Fort Worth
1383a856ebaf35,Cat,Houston
a398c14514487f,Cat,San Antonio
5e2704a175ac51,Cat,Fort Worth
e98922e9fe83ce,Dog,San Antonio
bc65f504cbf5c6,Cat,Fort Worth
dd9af3f9c4210e,Dog,Dallas
8241fb89e9dfa5,Dog,Fort Worth
ab2cb9fffb7635,Cat,Fort Worth
1462b9d10ebb12,Cat,Houston
70b4134532d6b1,Dog,Austin
c2273567e7266b,Cat,Austin
cc3ac01b8420d0,Dog,San Antonio
2f09f13032cbed,Cat,Dallas
34139778b83e2a,Cat,Austin
6f54f62f7d5fdf,Cat,Houston
356fd525d57253,Dog,San Antonio
49965f30ea1686,Dog,Houston
94cb7f08e6de69,Cat,San Antonio
0174aab41c6167,Dog,Houston
d42e382df43a7a,Dog,San Antonio
8e65ebacb9297a,Dog,Dallas
0d8e6720d83315,Dog,Houston
077729e05788bf,Cat,Houston
265557d80be522,Cat,Houston
4830a25299894b,Dog,Houston
2a7ce8bcb188b9,Cat,Austin
cbc69efa401370,Cat,Houston
4b63ff9e860a7b,Dog,Houston
d412637ee512ec,Dog,San Antonio
1790c8be15a426,Dog,Dallas
fb36c94d6e6b8c,Cat,San Antonio
53d0ac95516696,Dog,Austin
9f20f9760035a2,Cat,San Antonio
cd8e3f8f7f24db,Cat,Austin
a6b9e289e6f8d7,Cat,Austin
c802e040aed95e,Cat,Dallas
5b4974fcbe54e4,Cat,Fort Worth
22d17eb6797fd0,Dog,Dallas
26a069d0ea053f,Cat,Austin
db5f3b0956487b,Dog,Austin
e80e07a2311050,Dog,Houston
8b0ffcef062dcd,Cat,Houston
853458c62beaf9,Dog,Fort Worth
86581d02ea78de,Dog,Austin
35c728368aa1a2,Dog,Austin
7fbb28255f1d01,Cat,Austin
10767f4cb7d912,Dog,Austin
cdcfdae38f66ce,Cat,Fort Worth
3fc45e70531e2f,Cat,Houston
8ccbae3c68d779,Cat,Austin
9fd521d2f8a2e0,Dog,San Antonio
a06698e0d1474e,Cat,Austin
a6ecd3c41380bd,Dog,Austin
b6cea4bf3aab2d,Cat,Houston
fa695849f59f7e,Dog,Houston
5f11370846ea99,Cat,San Antonio
3c84886691f237,Cat,Austin
717c5851b3a749,Dog,San Antonio
8b0e54e33f0382,Cat,San Antonio
fd32e89b124c73,Dog,Austin
c90a4b0d1cd522,Cat,Houston
a26a019aef8240,Cat,Dallas
63c69751ff3df6,Dog,San Antonio
6230677f2e73f7,Dog,Dallas
d86486661b1c0a,Dog,Fort Worth
930a6cff8bce1a,Cat,Houston
21fa73b62096d3,Cat,San Antonio
7322292f45e931,Cat,San Antonio
536239b2db611e,Cat,Dallas
049b6cf76e3088,Dog,San Antonio
d607a648b5cb18,Dog,Houston
2ae96e6d1a52e7,Dog,Houston
adb1237dcf53aa,Cat,Austin
2c7b3e6f1cfd93,Cat,Houston
80066a4b41ac06,Cat,Fort Worth
4f1c861bc83c92,Cat,Fort Worth
55b13728007ecd,Dog,Houston
aaa32a2ee68767,Dog,Austin
f5d5a316f74481,Dog,San Antonio
690fbb4cbb51d0,Dog,Austin
178c6931fb7423,Dog,San Antonio
e28817f556e104,Dog,Austin
a648073d7136e1,Cat,San Antonio
1526d25d9792ac,Dog,Fort Worth
4386c92c44d689,Dog,Houston
a7c2acf88fe3b3,Cat,Dallas
611a91b6800dfd,Dog,Houston
f9ff041183a14f,Dog,Houston
c61371ceda216b,Dog,Austin
d6931d09072021,Cat,Houston
11d12cfb126333,Dog,Fort Worth
a0d861064db854,Dog,Houston
29a93299b794a2,Cat,San Antonio
f4c0b52aa5301e,Cat,Houston
5e0d26359446cc,Cat,Houston
27861823005326,Cat,Fort Worth
5b142511814f56,Cat,Houston
025547bdedaf24,Cat,Austin
205d0f7441c59a,Dog,San Antonio
5379d0a4477fa5,Dog,Houston
8805ecdc28d45d,Dog,Houston
c576fbfaeba414,Dog,San Antonio
42b4c8e166db31,Cat,San Antonio
ae895be01b9822,Dog,Houston
36a4cf927306ff,Cat,Austin
e979498b8903a0,Cat,Houston
ec5cbe2d0198a8,Dog,Dallas
30e95d3d90a409,Dog,Austin
777b53a7a377ce,Cat,Austin
733dee1e460256,Dog,Dallas
887163d70242c7,Dog,Austin
1530cbe8ce946d,Dog,Houston
324435c3be5384,Dog,Dallas
542c79d0772dc5,Cat,Austin
db734494e11678,Dog,Dallas
49dcef9e07557f,Cat,Austin
a5722d10cebf3d,Dog,Houston
8e0c73df925ddd,Cat,San Antonio
b63938acc96d93,Cat,Houston
9ba13b8a5dd5f3,Cat,Austin
92d7fd20a6ac3d,Dog,San Antonio
f58832ccb1a62d,Dog,Austin
2c9d829c46c61f,Cat,Dallas
fe04de01a17983,Dog,Houston
07f842bf7e9cfa,Dog,San Antonio
e77b5aabb13a72,Cat,Austin
4130b58e5a2246,Dog,Fort Worth
af3a06f3d0e4fb,Cat,Houston
01b99cd7aa1d06,Dog,Austin
3fbc81a32ea845,Dog,San Antonio
d91636610513c4,Cat,Fort Worth
471ca051a46f45,Dog,Austin
3b985844b9787d,Dog,Houston
3307b99f1b6451,Cat,Houston
960f8a91fc648b,Dog,Austin
cfccece4eaace4,Cat,Houston
12df70219103a8,Cat,Fort Worth
3f77f2b7913a92,Cat,Austin
c36619a59a0195,Dog,San Antonio
202d7400851cbb,Cat,Houston
a9bfa76868f3fb,Cat,Houston
71e68d763ea6a9,Cat,Houston
4204251f44b66c,Dog,Austin
473eab483940ae,Dog,San Antonio
25000303b237be,Dog,Austin
90b8e176a794da,Dog,Dallas
37e28a95151cb1,Cat,Houston
246577ff8f7018,Dog,San Antonio
5bd3f298492df6,Dog,Houston
02ca0fbd55761e,Dog,Austin
58bb5cc9ed5567,Cat,Fort Worth
cf1f17f81583eb,Dog,Austin
bd25360105250c,Dog,Fort Worth
a981b657c27c05,Cat,Fort Worth
c3d8af66f8a81e,Cat,Dallas
af5c48ea56ce38,Dog,Austin
10c715baa265ec,Cat,Austin
779899b873ac15,Dog,San Antonio
b230c59c710225,Dog,Austin
a9ce72679b893c,Dog,Houston
57d057207feb26,Dog,San Antonio
20d6cf1d23d938,Dog,Fort Worth
814d404bef56de,Cat,Dallas
b631e96e4ed600,Cat,Austin
4218b5c7a0a3d6,Cat,Houston
a3ea66b3d3e554,Cat,Fort Worth
146e471799336b,Dog,Austin
eb8dfa1ce83bc8,Cat,San Antonio
d918159a206944,Cat,Austin
7eae6742128089,Cat,Dallas
cbe782b60690be,Dog,San Antonio
c62929c1dc896c,Dog,Austin
0fd69d8ffb2a3f,Dog,San Antonio
13e6c122d57ae7,Cat,Fort Worth
0aaff138162c80,Dog,Houston
7d97ea59f99b2c,Dog,Austin
7d5072375a83c0,Dog,San Antonio
a6913a9d376ee1,Dog,San Antonio
87b0b2f42637b2,Dog,Austin
d7af4f57f71132,Dog,Dallas
746d8fba728ce6,Cat,Houston
4eaa5ed591eee4,Dog,Dallas
695470e82b9ecb,Dog,Fort Worth
c6929fd9e3ec77,Cat,Houston
3ea9b0a3150cd3,Cat,Austin
a6ec38e6f74cf6,Cat,Austin
376057325e889a,Dog,San Antonio
d59eb5653b044b,Cat,Austin
befa306f7acc40,Cat,Houston
44389acee9a001,Cat,Houston
2a1e34ddff2d58,Dog,Austin
aa7bd15b59de48,Dog,Austin
8cda59ff66e0c9,Cat,Austin
da766e43d36603,Dog,San Antonio
3f086447b5041a,Cat,Austin
08af6c6dce02f2,Dog,Austin
191a709dddef98,Dog,Dallas
eb1948d881a6e6,Dog,San Antonio
e0018fdc8dfb1b,Dog,San Antonio
3b6b3bb270f24e,Dog,Houston
8110945f7fdbe2,Dog,Houston
3cf50d36a72897,Dog,Dallas
6e406021b79b62,Cat,San Antonio
246854b1f2292e,Cat,Fort Worth
4b074da53e14a9,Cat,Fort Worth
782ee85f17fade,Dog,Dallas
9bdf1d5551f4a9,Dog,Fort Worth
98cbe1d9683909,Dog,Houston
2d741ee767fc60,Cat,Austin
a8c064b7b7a98f,Dog,Austin
622e3e90fd09fd,Dog,Houston
8698700102c313,Dog,Austin
72b22cc566dee8,Dog,San Antonio
b00c4c588b66c7,Cat,Dallas
71aa15b8792f7c,Dog,Fort Worth
c31d12f123b8c1,Cat,Houston
2061ff7a5abdf5,Dog,Austin
7f43b85d1b85f2,Cat,Dallas
e2fc97108e53f2,Dog,Austin
56d9d2f56a23a2,Dog,Fort Worth
2e151960eda45b,Cat,Dallas
443eec2001033e,Dog,Fort Worth
1d55a7522d7f06,Cat,Austin
b47b814f6446b2,Dog,Fort Worth
60c013d847503e,Dog,San Antonio
23b11081c149ec,Cat,San Antonio
0d9ff727c75b01,Cat,Fort Worth
c5a38a9c349b30,Dog,Fort Worth
808d3e83569118,Dog,Houston
68f8b3ba8ed7e6,Dog,Austin
5fbdbe52ddd60f,Dog,Austin
cd7c6ff96f9246,Dog,San Antonio
27323067e246e7,Dog,Dallas
f7cc1064c26831,Dog,Fort Worth
ec3a02e9d1a8f9,Dog,Houston
ae8ec6629cb495,Dog,Fort Worth
c8d74cc98035f1,Dog,Austin
be7a5812edda4d,Dog,Fort Worth
3ae2dff6fa80b6,Cat,Fort Worth
b1e9731ed85ab7,Cat,Houston
9129760581791,Dog,Houston
c97ac170580696,Cat,Fort Worth
daeb49bfcfc3f1,Dog,Houston
ae7ee88460c31b,Cat,Houston
f3e54f0b101182,Dog,Houston
232d12dfea28c8,Dog,Fort Worth
c7407d6d28f6db,Cat,Austin
15e1e301a6a50d,Cat,Houston
11b65c95212a1b,Cat,Houston
764cd088bb07fa,Cat,Houston
f49b916cc48f5b,Dog,Austin
cd89c90c2efa97,Cat,Fort Worth
26b96c6f6422a2,Dog,San Antonio
28d53001b11eac,Cat,Austin
a4de568a191e11,Cat,Austin
6431e81c28c130,Dog,Austin
2491ed88d9577a,Cat,Austin
97c691435e06ed,Cat,Austin
b20e3ebe547b6d,Dog,San Antonio
6fcdcebc8c417a,Cat,Austin
df0cba8b8f3106,Dog,Dallas
35f647f38986c7,Dog,Austin
2866939bd0b596,Dog,Austin
629b66c195a2fb,Cat,San Antonio
f6d169e33d184a,Cat,San Antonio
7fff1d779b7906,Dog,Houston
86cc1498e09a51,Cat,Fort Worth
78e3c7492aab43,Cat,Austin
3cf94f847f5b74,Dog,San Antonio
8b0dbcd2a7000b,Dog,Houston
9d22a9dd3d8a24,Dog,Fort Worth
40b7e6d7d07a05,Dog,Dallas
56ed3696a65303,Cat,San Antonio
e5ad28b86cad36,Dog,Austin
6ad50f3259802e,Dog,Houston
b0516842cc2c7f,Dog,Austin
a1b10674a64e53,Cat,Fort Worth
1f8fc48c8f6ca4,Cat,Austin
f792ad6a83afb2,Dog,San Antonio
c545eb758c7ab6,Cat,Austin
8423d7f91c34fb,Dog,Houston
0e8643f92f6f78,Cat,Houston
11e8ba5a8936d6,Dog,Houston
7754a1292950aa,Cat,Houston
1dd5c9ed502596,Cat,Austin
6741c510f4ea29,Cat,Houston
072deca9bcade9,Dog,Dallas
04f70a12c9ac8f,Cat,Houston
29cee7201a03a1,Dog,San Antonio
3b64b7b88803d9,Dog,Austin
8330271244b0ab,Cat,Austin
a88237d98f33f2,Dog,Fort Worth
caf35dfe55940e,Dog,Dallas
26924031f15cc4,Dog,Austin
1dbc59626ff440,Dog,Austin
1c8312a9ea8a21,Cat,Houston
27648cdc047621,Dog,Houston
a2e2c79ae630a5,Dog,Fort Worth
2465e83b730bb1,Dog,Houston
0b8f77000b82cb,Dog,Dallas
06be55fdb82e55,Dog,San Antonio
4593e05d3cae13,Dog,Austin
94db80131a5941,Bird,Houston
54c46fa9c74229,Cat,Houston
80086b28d844c5,Cat,Fort Worth
ae2eee8f8ba480,Dog,San Antonio
3004fc50fe2c0f,Dog,Houston
60802971dca647,Dog,San Antonio
4899b96a8ef0ea,Cat,San Antonio
15688a37481fc1,Dog,Dallas
3957ed14d1302b,Dog,Dallas
435cc99bb8e02d,Cat,Houston
fe1cf8f16c8955,Dog,Dallas
37e2e010acc22b,Dog,Austin
4ffab28e04d944,Dog,Austin
d44b4b6624d107,Dog,Fort Worth
ea7be22a852d4d,Dog,San Antonio
0ccfc012aff57d,Cat,Houston
b9c0b8fed20837,Bird,Dallas
c10f6f2a278b10,Dog,Austin
67b02d2ab6fd26,Cat,Fort Worth
1811f4e027de10,Cat,Fort Worth
c3e93f201aeb15,Cat,Austin
38cbbf00b786a9,Dog,Fort Worth
f9345686d9a736,Dog,Houston
8cd7e3875b88cf,Dog,Austin
591d4e7bc3415d,Cat,San Antonio
9b893b5a0cf0fe,Dog,Austin
07bdbcba1bf8c7,Dog,Austin
ea723605d723d0,Dog,Dallas
a5e031da6460d9,Cat,Austin
71ad055d139ee6,Cat,Houston
5178c81a2b2139,Cat,Dallas
9d33e6b378e1db,Cat,Houston
82de0776d83c63,Dog,San Antonio
7580571fb03e82,Cat,Houston
cf30e29ca6d132,Dog,Fort Worth
17037888ca2888,Cat,San Antonio
83d6cb3b0de4f8,Cat,Dallas
6955acb10257f6,Cat,Austin
a06f3f3f45a7b8,Cat,Austin
4fda0d73a2ca4f,Dog,Fort Worth
c6d89910717833,Dog,Houston
4e8e8bd86bfc06,Dog,Dallas
d4e8829a6697c9,Cat,San Antonio
2fa808f21eb7dc,Cat,Houston
52911dd822bf86,Dog,Dallas
e82fbade02a8ae,Dog,Houston
9a2b836b2f9427,Dog,Houston
66c7bdb25ed190,Dog,Houston
b6528bca7d94bc,Cat,Houston
3ffcc3f9f7762d,Cat,Austin
c10b2941c8a52e,Cat,Dallas
d11302e2b4c5b2,Cat,Austin
2edb962acae4be,Dog,Austin
aaa3aa1e9b55b1,Cat,Austin
e5d494aba9a83a,Cat,Houston
931531dfc04cb3,Dog,Austin
a0eb4937090904,Dog,Houston
7cf5a6969cd46b,Dog,Austin
80e823ec8dcc3b,Cat,Austin
c351fc7ac427ed,Dog,Houston
d4ed48c2f529ee,Dog,Austin
3a7e745950ff9f,Dog,Dallas
a3cc1cd1d8bd15,Dog,Austin
10a72db8b38a8b,Cat,San Antonio
3ab2bc1bf5d906,Dog,Fort Worth
cc1f0c8dc826d6,Dog,Fort Worth
208e9004b85bbb,Cat,Houston
50bbb9e2da92f2,Dog,Austin
db58d7f545335a,Cat,Austin
ea53205ade8913,Dog,Dallas
e4239a2d175a39,Dog,San Antonio
2719369fa0c0ea,Dog,Houston
699b8f1eea0557,Cat,Dallas
97036004192385,Dog,Houston
1eb8791974fb43,Dog,San Antonio
899715ad824271,Dog,Houston
63877005fcf7b2,Dog,San Antonio
6901d4b7be0a45,Cat,Houston
1c75254138c57e,Dog,Austin
2ea222f0c3b37c,Cat,Fort Worth
e83ccd2eef96f7,Dog,Houston
3f65b2f6c058a4,Dog,San Antonio
fec0e9c96a4a0a,Cat,Dallas
6e8c02cd21a842,Dog,San Antonio
13b5ecfef62ca9,Cat,Houston
5582af9bbc3ed3,Dog,Austin
108268ea4cdb6d,Cat,Fort Worth
093deed25400ab,Dog,Dallas
8a45a40285a937,Dog,Houston
7dac9d7c8f994f,Dog,San Antonio
efba2ac2b4cdf4,Dog,Austin
83d690409362d6,Dog,Austin
fd36e5a10eeb09,Cat,San Antonio
bb4f9c984e5076,Cat,Austin
25c9ddc062f4be,Dog,Houston
794d91ff5e867d,Dog,Houston
352884867fd57a,Dog,San Antonio
549076b2e9bc45,Cat,Fort Worth
cee613f0f41c14,Dog,Dallas
832a08e96ed958,Cat,San Antonio
86b14294a468c3,Dog,Houston
5a803299e74dd7,Dog,San Antonio
22e110334b1748,Dog,Austin
00c8f937d9571b,Cat,San Antonio
8c2a32316d25eb,Dog,Austin
db98d51b3b6aa4,Dog,Dallas
0d43852aedfa1b,Cat,Houston
7df905b6b1847d,Cat,Houston
43dfa7ef83d83b,Dog,San Antonio
5e505442e07335,Dog,San Antonio
4bd59aa315e808,Dog,Houston
584700d7bc577b,Dog,Houston
700f3c58c53bb3,Dog,Houston
6926f5789af50f,Dog,Austin
83efea2718ce09,Cat,San Antonio
105c23ee96864a,Cat,San Antonio
e3a51a4d8cc702,Cat,Houston
a1b4171c3a0240,Dog,Fort Worth
95a00f4d5f693a,Cat,Dallas
5b79d868769685,Cat,Fort Worth
b72020bc8807d0,Cat,Houston
b2f8f020385d09,Cat,Austin
ef49f985990c00,Cat,Austin
58e1734e7599f3,Dog,San Antonio
7a1e0f9338b4fe,Cat,Dallas
b45099f876ca39,Dog,Dallas
64c0a0f0c43df9,Cat,Houston
3ac94ee1e519f5,Dog,Dallas
37a2eb996fc1f0,Dog,Houston
24aeb894476f55,Cat,Houston
d348b9aa27dc50,Dog,Dallas
aebf355d8ecaaa,Dog,Houston
ebb55c3977a81f,Cat,San Antonio
b26deb1084d45f,Dog,Austin
b25695fcb22a31,Dog,San Antonio
4609f518a03e6c,Dog,San Antonio
dcdeb171c43792,Cat,Austin
4c09d947a8c660,Cat,San Antonio
fc402424e91110,Cat,Houston
d6643d807f9e93,Dog,Austin
f17c00126e32b4,Dog,Fort Worth
46b2bd444df0d4,Dog,San Antonio
22f3526bb5e794,Cat,Austin
c4ff46ba5f2aaa,Dog,Austin
7126d96889803f,Cat,Houston
91ebe28206d4fe,Dog,Austin
16dbe8242fc8ec,Dog,Austin
5208c0a6d3f4a6,Dog,Austin
055b0e4a9ac123,Dog,Dallas
51d7b55b90c5a1,Dog,Houston
8c6186590ba950,Dog,Austin
e5c9a633523b4c,Cat,Dallas
6fc73c3229216f,Cat,Austin
d929f0d64276d4,Dog,San Antonio
5dc04abf0f7374,Dog,Austin
6b15735fc70be6,Cat,Austin
1209b77e4f0ada,Dog,Houston
40dc15748a9638,Dog,Austin
8a1215951be889,Dog,Houston
cb9e936bce067a,Dog,Houston
01687961c1c078,Dog,Austin
9d2d0a5eed393c,Dog,Houston
6319d40d6f6c9f,Cat,Houston
c5014f26869917,Cat,Fort Worth
4328e9e65d8d63,Cat,Houston
b7ac910ef13453,Dog,Austin
2ec6e2a558c959,Dog,Fort Worth
2f4a97be9a9df8,Cat,Houston
517e37f57a2683,Dog,Dallas
e16b76300f3ffd,Dog,Dallas
89926305de9839,Dog,Houston
ca007ed171c6d3,Cat,Houston
132889cbe9f48c,Cat,Houston
bc194db1490161,Cat,Dallas
424baf2267d9f7,Dog,Austin
839924c4b45ddb,Dog,Austin
b0f53007735fd8,Dog,Dallas
eb796b37275e4c,Cat,Austin
657aa23d14fdb1,Dog,San Antonio
a095cc68c2b9e4,Dog,Austin
3d9a76aff608b9,Dog,Houston
7f27758bc3ada0,Dog,Austin
5aeda6bc231d87,Cat,Houston
26bd467bb2cda0,Dog,Dallas
4a5cdef365d6cc,Dog,Houston
f3713aad5c13e3,Dog,Houston
20c63db1261cab,Dog,Dallas
f53d150fe04bf9,Dog,Austin
227efe05327fbf,Dog,Houston
cc2cb32fa6e665,Cat,Houston
5be32e04046613,Dog,San Antonio
2f13f895af346b,Cat,Austin
625a4869f7c05c,Cat,Houston
034fc9b49b8b99,Cat,Fort Worth
309d9f48eaf082,Cat,Austin
659acadd3c78d0,Dog,San Antonio
8a24a39924904a,Dog,Austin
f931070aecf209,Cat,Fort Worth
ddfc260ccc27cc,Cat,Houston
3aad64105a2f9e,Dog,San Antonio
cd9218fe802083,Dog,Austin
f1b69670d97fcd,Dog,Houston
32b31986a9ce70,Cat,Austin
f2fcaa77a87255,Cat,Austin
d48a7314d52b3e,Cat,Houston
af7f4e9ef67c72,Dog,San Antonio
63dd9b84e54331,Dog,Austin
c36f5767fbfd6b,Dog,San Antonio
fcd0e52a5ba58e,Dog,Fort Worth
5d0596ddb30f92,Cat,Dallas
0ed66154371281,Cat,Austin
a9bc5d7efb6351,Dog,Houston
145a32168924ee,Dog,Fort Worth
c0b2695067cef3,Cat,Houston
04b49f571fbdbb,Cat,Houston
abb306b473c365,Dog,San Antonio
6f854953f335e8,Dog,Dallas
0cfb90849b570e,Cat,Austin
b29c2c833d72e7,Cat,Fort Worth
48c74ffbbdd609,Dog,Austin
5d0f5251e1183b,Dog,Dallas
27b2578e8c885b,Dog,Austin
b33afe70aacef6,Cat,San Antonio
566343d10d47db,Dog,Houston
cb7a3f66359570,Dog,Dallas
a3c02aed422b83,Dog,Houston
08c16bae853fe7,Dog,Austin
429c3b0550f735,Dog,Austin
6daa871e1eea69,Dog,Houston
77d85231ea983e,Cat,San Antonio
a853f12a187d5a,Dog,Austin
00a471cd08b6f2,Dog,Fort Worth
f791659bf68e5a,Cat,Houston
46b34033089811,Dog,San Antonio
d99f4e797d5b7a,Cat,Houston
adb3fb375c188a,Cat,Dallas
6d47f5cf6fcc64,Cat,Houston
938987fd6fb1c0,Cat,Austin
99bd0f480b8ccf,Cat,San Antonio
f25e213158429b,Cat,Fort Worth
939eadfce1ad23,Dog,San Antonio
867b3762047753,Dog,Austin
26eff95f9bc04f,Dog,Houston
578657dfa7b4d4,Dog,Austin
053c0a74cde154,Dog,Dallas
d3b45e19e4cb59,Cat,San Antonio
6c7f343f36b47b,Cat,Houston
a684a8601b6777,Cat,Austin
e9fd8c0ea17689,Cat,Dallas
cc30ed9363af06,Cat,Austin
dfe6476c4dcdba,Dog,San Antonio
88d39832d24c63,Dog,Austin
96a028c375e971,Dog,Fort Worth
e83ae09b4884c7,Dog,San Antonio
b2df9096059d94,Cat,San Antonio
5a96132fb21944,Dog,Austin
47cf32bb9bb8df,Cat,Austin
18b3c19dddcfdf,Cat,Dallas
ca0ca31c77089e,Dog,Houston
3a7b3dec411dc3,Dog,Fort Worth
7624e925a267e4,Cat,Austin
5e315ecbfebf87,Dog,San Antonio
dda8cde8b62e2a,Dog,Houston
ffd8fb854e2890,Dog,Dallas
cb763922b3f64e,Dog,Austin
6a85a1fb0aa092,Dog,Dallas
e8f6b261663949,Cat,Houston
b04084b947103c,Cat,Austin
07b0e7f63eb909,Cat,Houston
3b6ff6254169b1,Dog,Austin
61793eb90bd5a2,Dog,San Antonio
9096f086814948,Dog,Houston
7084b4b2c30d2a,Cat,Fort Worth
42430fbf2318a8,Cat,Austin
c0b057c4b23233,Dog,San Antonio
3c04b78728557e,Dog,Dallas
f8ee3464467551,Cat,Austin
be451cda305958,Dog,San Antonio
f06b280b2298b9,Dog,Fort Worth
72b6005e1214ca,Dog,San Antonio
84c34e12585b8d,Cat,Houston
c19971e7f78f4b,Cat,Houston
18fc0f2c8b515b,Cat,Austin
7be6e497475623,Dog,San Antonio
cc016c42cf8648,Dog,Houston
a7bfcc32bbbef3,Dog,Dallas
fffed38b9502cc,Cat,San Antonio
3e1fb2d01add1d,Dog,Fort Worth
2c51bd20349eee,Cat,Austin
54dfbb968840f7,Dog,Houston
82f6e848080cf4,Cat,Houston
14122df284d771,Dog,Dallas
cf9e98b5d0f39a,Dog,Austin
8ab916338b0382,Dog,Austin
05549bfd93b24d,Dog,Dallas
71fc4ab927de52,Dog,Houston
37e4b25a806c6c,Dog,Austin
a265455c6f44f2,Dog,Houston
0c2ec85b5e236b,Dog,San Antonio
e514ca172132ef,Cat,San Antonio
44f8cb3bb33400,Dog,Houston
04bfb5e4ca95ac,Dog,Austin
4a41da8e79ca11,Dog,Austin
f50dfc6f43f26a,Dog,Austin
fb82251b75095d,Cat,Austin
95e191e9aa277e,Dog,San Antonio
f953ba7e87a030,Dog,Fort Worth
aba05a7c70e3e6,Dog,Austin
983c194f9b5af9,Cat,Houston
15ae9a0e63f72a,Cat,Austin
2b35ca156f4b8c,Cat,Austin
deed9e28e7ef4d,Cat,Houston
426669ca827545,Dog,Houston
fd623ef818cb67,Cat,Austin
0c0c788b3b9bf9,Cat,Houston
1d47f83bc10cd7,Dog,Houston
054901d2eae751,Dog,Dallas
49184c65979f71,Cat,San Antonio
c517fdebe87986,Dog,Fort Worth
abb93f82ed2e42,Dog,Dallas
524fb03d229d7e,Dog,Austin
220377bb15aa69,Cat,Austin
a520197dbaf974,Cat,Austin
f11bbe6d381f15,Cat,Houston
4fdf62b31e3ae6,Cat,Austin
27f281f578d91e,Dog,Fort Worth
8d0bdba10b8928,Dog,Dallas
e3cd36c028361f,Dog,Dallas
9f7e4757aec0e1,Cat,Houston
087f16571c92bd,Cat,Austin
2385b55701e82a,Dog,Dallas
669f1ce0dd5351,Cat,San Antonio
89037f6c280f89,Cat,Fort Worth
91651953f91b97,Dog,Houston
8dcacdf4b8f97c,Dog,Fort Worth
c0af5296cc8a74,Dog,Houston
f01c8c1e389420,Dog,Fort Worth
fe0572f6f89c5b,Cat,Dallas
06e6a5a97245c3,Cat,Austin
af9a6f75d44ded,Dog,Dallas
97b99c2d88dfab,Dog,Fort Worth
8a76499ca1bd1e,Dog,Fort Worth
4b4514424c68e6,Dog,Houston
d25023e8c7fa24,Cat,Dallas
86108027e7e452,Cat,Dallas
2de2e2d7afff0f,Cat,Fort Worth
2506735a3bc124,Dog,Austin
1ca9df9744e51e,Cat,Houston
1dfe04aa7a4952,Dog,Dallas
033fd838c3b95a,Dog,Houston
6d2ca57867dd2e,Dog,Houston
1aab5d8ee53a13,Dog,San Antonio
86ab7db2f9503f,Cat,Austin
014b89c103daa8,Dog,Fort Worth
644ba5654b6267,Cat,Houston
316adca4509c8e,Cat,Fort Worth
f4d606c8ce54a3,Cat,Austin
546176890be9cc,Dog,Houston
db9709ad680882,Dog,Dallas
e044683a0c5a9e,Dog,Houston
dca75bb398031c,Dog,Houston
136351ab493e75,Dog,Houston
6f1b9bc014656b,Dog,Fort Worth
52262911237a1f,Dog,Houston
e6d1d0683e4b81,Dog,San Antonio
634ff3db8c1e14,Dog,Houston
07a0c436075f28,Dog,Houston
2a30ffc3f29ec2,Dog,Fort Worth
4fb7d6615fde5c,Dog,Austin
9c29b9ec36e464,Dog,Fort Worth
2464a647b590d6,Dog,Austin
95878f5870ad35,Dog,Fort Worth
dc88412c520cd8,Cat,Houston
b6a03b4a81c470,Dog,Dallas
fe5375e300e004,Cat,San Antonio
d65c8e917c8479,Cat,Austin
a74fc8b90ffff5,Dog,Fort Worth
c6bbc0951f49b1,Dog,Dallas
a8d93bf4f45aea,Dog,Dallas
4abe3e4a4e94b1,Dog,Dallas
edeee4d5ab01b3,Cat,Houston
10748563a62d44,Dog,Dallas
58516115bfa1fa,Dog,Austin
beac05958b7fde,Cat,Austin
32421cea7f0fed,Cat,Dallas
17efc9309c936e,Cat,Austin
901bac7f4e6137,Cat,Austin
4c137a1d4a4220,Cat,Austin
5e6f20a54d8c02,Dog,San Antonio
a1213f99de2617,Cat,Fort Worth
d5c6ed755507f3,Bird,Austin
f68041dd51c677,Dog,San Antonio
ac10a5ee367ef5,Dog,Austin
a83fad55d80786,Cat,Houston
500ca6b034a215,Dog,Fort Worth
a1679bcf8ef92e,Dog,Fort Worth
f00c31d4e67039,Dog,Houston
2cbd0e31592285,Dog,Austin
123e541e56e0d3,Dog,Dallas
879d48024358ec,Dog,Dallas
4af2a84710f1ab,Dog,San Antonio
4528bacc53a7fb,Dog,Dallas
4cbb70b7d1b4ca,Cat,San Antonio
9fadbb9a3f54f4,Cat,Houston
39bfe3d33a40dc,Dog,Dallas
17fcda159dadbe,Dog,San Antonio
c0a292e92a14e3,Dog,Austin
a5784dce14ce91,Dog,Dallas
d1a61a2522c52c,Dog,Dallas
0d357f00c060ec,Cat,Houston
cfa2fb9f804a2d,Dog,Austin
277a8220166f32,Cat,San Antonio
da0b0ade7aeb1a,Cat,Dallas
e5b43982382131,Cat,Fort Worth
38b67c0f84d68f,Cat,Fort Worth
fbf82cc0c75d11,Dog,Houston
f8ef91f7c65d66,Dog,San Antonio
c1b6900515e1fb,Dog,San Antonio
20c227058789a6,Dog,Austin
301dfc0bd0e87f,Cat,Houston
8b972c19c98117,Cat,Houston
35cac4a214c8b6,Cat,Fort Worth
fb26f0245fa1ac,Cat,Dallas
d4f07668212b15,Dog,Austin
129ab56ca0abcf,Dog,San Antonio
53276063d7f67c,Dog,Houston
7740eb5872b01e,Dog,Dallas
3f19a9393ad8b2,Cat,Austin
a43d779cba7304,Dog,San Antonio
8842ccece325c6,Dog,Dallas
2be7822bb2f2ee,Cat,Fort Worth
2e23cb4016b3ef,Cat,Houston
67e38339f59d7a,Cat,Houston
fc127d64ffb79a,Dog,Fort Worth
c6b764697b196d,Dog,Houston
94f8c5b667a1c4,Cat,Austin
04e5c8dae30cac,Dog,Fort Worth
a8f78f8dcffa81,Cat,Dallas
9351ff156541b0,Dog,Austin
991390f3ae5ce0,Dog,Houston
df13ed615e8ab3,Dog,Fort Worth
94ab834c021437,Dog,Fort Worth
fc876e83151c10,Dog,Houston
988dc7a3dfdcb8,Dog,Houston
9f7842c4151cae,Cat,Fort Worth
9d252428b4340e,Dog,San Antonio
3ba0885d587314,Dog,Houston
8784bfcd2cc53e,Dog,Austin
872274a0de67ad,Cat,Houston
850a68411d173c,Dog,Austin
cf5742fe52d706,Dog,Austin
476b1560798e60,Dog,Houston
b6b582aef947e6,Cat,Austin
a41fa313e23175,Dog,San Antonio
befbab1865c62d,Cat,Dallas
aee321ddeae761,Cat,Houston
e865b12abbae54,Dog,Houston
6a9d917c8b549c,Cat,Austin
7c051e29f25e13,Cat,Fort Worth
1.8564409217E+13,Cat,Fort Worth
f64b61b37dcc80,Dog,Houston
67a6877f38121d,Dog,Austin
1f19c24b472604,Cat,Austin
0473920b52d048,Dog,San Antonio
eebee089bbcb19,Dog,Austin
0412d55c47756e,Cat,San Antonio
38d4e44f7763e2,Dog,Austin
9fb647d0d3d62c,Dog,Houston
600f01e9c9a160,Cat,Houston
7f5efd1c55aa50,Cat,San Antonio
6e7e58ba258a4e,Dog,San Antonio
575510f2b891bf,Dog,Fort Worth
de04a6cf7a6173,Dog,Austin
2a6772aad1a165,Dog,Houston
ae0b5fa43ef9c8,Dog,San Antonio
32e340db6afcc4,Dog,Houston
845d68af4db972,Dog,Austin
2e92aa9427513c,Dog,San Antonio
a50f8c61277f46,Cat,Austin
9e1d34013bea03,Dog,Houston
161232f3c18966,Dog,Austin
1de3431ff2cbcf,Cat,Houston
468248b2b6c684,Dog,Houston
e564c27a4a2ea5,Dog,Dallas
116c5cc903df49,Dog,San Antonio
3c1b2bab7fba8a,Cat,Austin
41d45d6206a9be,Dog,Houston
dc7872bcd186bc,Dog,Austin
15a8b921ccade9,Cat,Austin
b9507b2c58ee8e,Dog,Houston
33a862a4516d15,Cat,Houston
eda1776d9fd0d5,Dog,Austin
475c93b7166ea9,Dog,San Antonio
b8c15628099aa2,Cat,San Antonio
0f3705d878ffc0,Dog,Dallas
43a1ea9ddc199b,Dog,San Antonio
c3d971eb067755,Dog,Austin
b1766c6225f94c,Dog,Austin
d5ffdbddd1cc29,Dog,Houston
91c0d99565b07e,Cat,Austin
8e291b3213f04c,Dog,Dallas
9ecfa1a5914ddd,Cat,Fort Worth
a7cf346a760943,Dog,San Antonio
275363cccd19cb,Dog,Dallas
584308e9ffd609,Cat,Houston
0f0126e65730b8,Dog,Dallas
dc0f0906d24a33,Dog,Dallas
78b860c48015ec,Bird,Houston
f109f2307ff3ef,Dog,Dallas
76cafd15a6cb82,Dog,Dallas
f994c2908742d0,Dog,Austin
34199e8dd38bdc,Cat,Fort Worth
3d702fe8b31010,Cat,San Antonio
f08e720a5f3105,Dog,Austin
4228fdec04260d,Dog,Fort Worth
79dcdf9ef2f31a,Dog,Dallas
b95bb51d374c15,Cat,Houston
df148d3952887d,Dog,Dallas
12a2d26e612d73,Dog,Houston
b85635bb8cad3d,Dog,Fort Worth
6e905600a2de2e,Dog,San Antonio
92643dae8f0af7,Dog,Austin
aa8cdeeb9d7183,Dog,Austin
1667580200b70d,Dog,Austin
4190e4d55c3c57,Cat,Austin
c3f39562216622,Dog,Dallas
f959044de97831,Dog,Austin
656db3e3458cea,Cat,Houston
c26c870d3bc763,Dog,Houston
40e5e58e968625,Cat,Austin
97579248abd2df,Dog,San Antonio
2fb6cfad95eb12,Dog,Houston
b8d673e8651926,Cat,Dallas
6a2c5a15046fcb,Cat,Dallas
7d32be1c8fd244,Dog,Austin
496e57eaeb484e,Cat,Houston
e3f350b8f42992,Cat,Austin
211111ea5748e9,Dog,Dallas
3bd66578ced738,Cat,Houston
63d2435df909e9,Dog,San Antonio
42408d1a2867cc,Dog,San Antonio
f85c1c08b094ef,Dog,Fort Worth
9fdf0f03df712c,Dog,Houston
550ed0816fc65d,Dog,Houston
fb597e8446ef92,Dog,Dallas
9cd98c15164d6b,Dog,Fort Worth
3efa879ad32cce,Dog,Austin
2ec93243e6e7c7,Dog,Fort Worth
53c18045f1f2b8,Dog,Houston
8ccb0c913512c7,Cat,Houston
cd8e6621bd5665,Dog,Houston
0e50af5cea271f,Cat,Houston
8e111c6caa146c,Cat,Austin
621982aa99f54a,Cat,Houston
9950d0759cb008,Cat,San Antonio
7c7b379a38ab67,Dog,Austin
8d85d2218f2b39,Cat,Austin
085a1368ad99aa,Dog,Austin
b90f69c484833a,Dog,Fort Worth
0b8d7d48bbca9a,Dog,Austin
42af0601d11961,Dog,San Antonio
08cffa5f781639,Dog,Fort Worth
ee41c93c1b6f86,Dog,Austin
7615c5b997f930,Cat,San Antonio
e2009704439852,Dog,Houston
39cf094d31490b,Dog,Austin
dacbbed269e272,Dog,Houston
ff579f1392ebff,Cat,Houston
924fbff3af455f,Cat,Houston
e386bd4fb19d37,Cat,Houston
6ef6f89736f7e3,Dog,Houston
64059c9d71a829,Dog,Fort Worth
1666433e830c9f,Dog,San Antonio
15da0e39406c1a,Dog,Austin
07bc3c6bc3379c,Cat,Houston
1b1c072a94be77,Dog,Houston
3bcb1bd7d735eb,Dog,Dallas
632a5d1639ce3b,Cat,Austin
f2f7f804837e5f,Cat,Austin
e9911170020c4a,Dog,Austin
108fa30a145485,Cat,Houston
435985cea77aef,Dog,Austin
e0f9d2888059d2,Dog,San Antonio
0a3b807dabb627,Cat,Dallas
c1dcc8c0ed728a,Cat,Austin
f5dc0c61f9b494,Cat,Houston
c6bf315067b1e8,Dog,Austin
f27b79170a437f,Cat,Austin
15a50f7c5a2ba3,Cat,Dallas
797420e52d596c,Cat,Austin
c03d44bf8d1cd5,Dog,Houston
626f8fcd0a6cee,Dog,Dallas
39a4d5f832667f,Cat,Austin
a30cbe311428b1,Dog,Dallas
2f34f6ea058f8d,Cat,Fort Worth
7c2d9708a40f87,Dog,Houston
7131750f216c67,Dog,Houston
788ac5081ac153,Dog,Dallas
54847d8515cc16,Dog,San Antonio
5f023c36660b99,Dog,Austin
5849e2e8e1b223,Dog,Austin
2cd6726b23a1a4,Dog,San Antonio
cfe4aa9fa42c08,Dog,San Antonio
e44b6de1db84d7,Dog,San Antonio
93199f0b0c41be,Dog,Dallas
6037afaf921c2c,Dog,Dallas
b7fc8513d1dbe2,Dog,San Antonio
8d3b04dcffbcc1,Cat,Austin
d40d0d9a6a4451,Cat,Dallas
f9985aeb87885a,Cat,Austin
edcaf21a527e07,Dog,Austin
53296cd4e4c463,Dog,San Antonio
ca6651d364a220,Dog,Austin
9016053355d43a,Dog,Fort Worth
a28a79df2f3dde,Cat,San Antonio
5cf9694a1b4e99,Dog,San Antonio
299f5e03f1589d,Cat,Austin
2ac9d8bc71175f,Dog,Houston
c0670e2d056ecb,Dog,San Antonio
327eac35e9a472,Dog,San Antonio
e75955397130bb,Dog,Houston
6d482a9a1ac7f9,Cat,San Antonio
628e1d182b5741,Dog,San Antonio
7e9895078a89df,Cat,San Antonio
110a33709bb691,Dog,Houston
6f9630c8bc8f2e,Dog,Austin
54b9094cece215,Cat,Austin
f94d5c180808ba,Cat,Houston
2a58649c5add46,Cat,San Antonio
e685938b99d7bc,Dog,Austin
79ae9c359af839,Dog,Houston
ef4132a3285bf0,Dog,Austin
01fe5a79300287,Dog,Dallas
bd6e1f481c4353,Cat,Houston
091fea5d6e3833,Dog,Austin
1f11cec2b68b17,Cat,Dallas
498875cbe9e974,Dog,Houston
dfc08de0876a9d,Cat,San Antonio
468330e5af1bee,Dog,Houston
e484da7c5d5173,Dog,Austin
7934d28bfed9b8,Cat,Dallas
1b3f09f2552558,Dog,Fort Worth
9b8e2b8ef42b3e,Dog,Austin
f6b86e5a322771,Cat,San Antonio
9dbf9ab4125656,Dog,Houston
67a7a0b2a62e44,Dog,San Antonio
04d82b90a6eda8,Dog,Houston
19e2a47259bd39,Cat,San Antonio
7def41201312f2,Cat,San Antonio
85205d5dd5dcf0,Dog,Dallas
4fa524306817e0,Dog,Houston
47234997ab0114,Cat,Austin
8c2278e60eac79,Dog,Dallas
1492f8e96b12a3,Dog,San Antonio
50148f77a95ae1,Dog,Houston
4ddd3b6a9ec55f,Dog,San Antonio
d44d76cfe15df0,Cat,San Antonio
aa8b18f133388c,Dog,Houston
f47d0fb6501fde,Cat,Austin
afff4a90aedab3,Cat,San Antonio
df0744fb0cb466,Dog,Houston
a37d184cf8dd77,Cat,Houston
008f3528eb982e,Cat,Austin
8c66424aff4b82,Cat,Houston
611cf562efc2e5,Dog,Dallas
20539c5f65c178,Cat,Austin
2d0f4658b04986,Dog,Austin
54a5c55c5ed787,Dog,Houston
6068b02eb5b684,Dog,San Antonio
42182d7cbca9db,Cat,Dallas
a3ee77f001211a,Dog,Houston
ea024ad9c5584a,Dog,Houston
b867e050da54af,Dog,San Antonio
967a2ba1f7bcd5,Dog,Dallas
76b623924c5fd4,Dog,Houston
f3de00c24336c4,Dog,Houston
